Model,Run 1 (MSE),Run 1 (MAE),Run 2 (MSE),Run 2 (MAE),Run 3 (MSE),Run 3 (MAE),MSE Moyenne,MSE Variance,MAE Moyenne,MAE Variance
Att_Att,0.1653791064120553,0.2114280010171142,0.1678433382228293,0.2126432722319423,0.1632739688200807,0.2086219407250115,0.1654988044849884,3.487019937461097e-06,0.210897737991356,2.835773953015376e-06
FFN_Att,0.1659798057646387,0.2119427075908508,0.1634172291529399,0.2094292570779353,0.1681237287106521,0.2142206052847114,0.1658402545427435,3.7015936195570873e-06,0.2118641899844991,3.829252113683103e-06
